drive	layout_category	hf_repo	revision	size_gib	path
d1	raw	MiniMaxAI/MiniMax-M2.5	f710177d938eff80b684d42c5aa84b382612f21f	63.834	/mnt/models/d1/raw/MiniMaxAI/MiniMax-M2.5/f710177d938eff80b684d42c5aa84b382612f21f
d1	raw	Qwen/Qwen1.5-110B	16659038ecdcc771c1293cf47020fa7cc2750ee8	178.717	/mnt/models/d1/raw/Qwen/Qwen1.5-110B/16659038ecdcc771c1293cf47020fa7cc2750ee8
d1	raw	Qwen/Qwen2.5-14B	97e1e76335b7017d8f67c08a19d103c0504298c9	27.522	/mnt/models/d1/raw/Qwen/Qwen2.5-14B/97e1e76335b7017d8f67c08a19d103c0504298c9
d1	raw	Qwen/Qwen2.5-14B	latest	27.522	/mnt/models/d1/raw/Qwen/Qwen2.5-14B/latest
d1	raw	Qwen/Qwen2.5-3B	3aab1f1954e9cc14eb9509a215f9e5ca08227a9b	5.759	/mnt/models/d1/raw/Qwen/Qwen2.5-3B/3aab1f1954e9cc14eb9509a215f9e5ca08227a9b
d1	raw	Qwen/Qwen2.5-3B	latest	5.759	/mnt/models/d1/raw/Qwen/Qwen2.5-3B/latest
d1	raw	Qwen/Qwen2.5-7B	d149729398750b98c0af14eb82c78cfe92750796	14.196	/mnt/models/d1/raw/Qwen/Qwen2.5-7B/d149729398750b98c0af14eb82c78cfe92750796
d1	raw	Qwen/Qwen2.5-7B	latest	14.196	/mnt/models/d1/raw/Qwen/Qwen2.5-7B/latest
d1	raw	Qwen/Qwen3-32B	9216db5781bf21249d130ec9da846c4624c16137	61.039	/mnt/models/d1/raw/Qwen/Qwen3-32B/9216db5781bf21249d130ec9da846c4624c16137
d1	raw	Qwen/Qwen3-32B	latest	61.039	/mnt/models/d1/raw/Qwen/Qwen3-32B/latest
d1	raw	Qwen/Qwen3.5-122B-A10B	b000b2eb18a7f4cdf3153c4215842da339e09d99	60.010	/mnt/models/d1/raw/Qwen/Qwen3.5-122B-A10B/b000b2eb18a7f4cdf3153c4215842da339e09d99
d1	raw	Qwen/Qwen3.5-397B-A17B	60c2d3eea32fe55c5e631fa39a1dc0550754b6db	0.003	/mnt/models/d1/raw/Qwen/Qwen3.5-397B-A17B/60c2d3eea32fe55c5e631fa39a1dc0550754b6db
d1	raw	bigcode/starcoder2-3b	733247c55e3f73af49ce8e9c7949bf14af205928	11.292	/mnt/models/d1/raw/bigcode/starcoder2-3b/733247c55e3f73af49ce8e9c7949bf14af205928
d1	raw	bigcode/starcoder2-3b	latest	11.292	/mnt/models/d1/raw/bigcode/starcoder2-3b/latest
d1	raw	bigcode/starcoder2-7b	bb9afde76d7945da5745592525db122d4d729eb1	13.366	/mnt/models/d1/raw/bigcode/starcoder2-7b/bb9afde76d7945da5745592525db122d4d729eb1
d1	raw	bigcode/starcoder2-7b	latest	13.366	/mnt/models/d1/raw/bigcode/starcoder2-7b/latest
d1	raw	codellama/CodeLlama-13b-Instruct-hf	745795438019e47e4dad1347a0093e11deee4c68	48.796	/mnt/models/d1/raw/codellama/CodeLlama-13b-Instruct-hf/745795438019e47e4dad1347a0093e11deee4c68
d1	raw	codellama/CodeLlama-13b-Instruct-hf	latest	48.796	/mnt/models/d1/raw/codellama/CodeLlama-13b-Instruct-hf/latest
d1	raw	codellama/CodeLlama-7b-Instruct-hf	22cb240e0292b0b5ab4c17ccd97aa3a2f799cbed	25.105	/mnt/models/d1/raw/codellama/CodeLlama-7b-Instruct-hf/22cb240e0292b0b5ab4c17ccd97aa3a2f799cbed
d1	raw	codellama/CodeLlama-7b-Instruct-hf	latest	25.105	/mnt/models/d1/raw/codellama/CodeLlama-7b-Instruct-hf/latest
d1	raw	deepseek-ai/DeepSeek-Coder-V2-Instruct	2453c79a2a0947968a054947b53daa598cb3be52	439.113	/mnt/models/d1/raw/deepseek-ai/DeepSeek-Coder-V2-Instruct/2453c79a2a0947968a054947b53daa598cb3be52
d1	raw	deepseek-ai/DeepSeek-Coder-V2-Instruct	latest	439.113	/mnt/models/d1/raw/deepseek-ai/DeepSeek-Coder-V2-Instruct/latest
d1	raw	deepseek-ai/DeepSeek-R1	56d4cbbb4d29f4355bab4b9a39ccb717a14ad5ad	641.312	/mnt/models/d1/raw/deepseek-ai/DeepSeek-R1/56d4cbbb4d29f4355bab4b9a39ccb717a14ad5ad
d1	raw	deepseek-ai/DeepSeek-R1	latest	641.312	/mnt/models/d1/raw/deepseek-ai/DeepSeek-R1/latest
d1	raw	deepseek-ai/DeepSeek-R1-0528	4236a6af538feda4548eca9ab308586007567f52	641.312	/mnt/models/d1/raw/deepseek-ai/DeepSeek-R1-0528/4236a6af538feda4548eca9ab308586007567f52
d1	raw	deepseek-ai/DeepSeek-R1-0528	latest	641.312	/mnt/models/d1/raw/deepseek-ai/DeepSeek-R1-0528/latest
d1	raw	deepseek-ai/DeepSeek-V3	e815299b0bcbac849fa540c768ef21845365c9eb	641.312	/mnt/models/d1/raw/deepseek-ai/DeepSeek-V3/e815299b0bcbac849fa540c768ef21845365c9eb
d1	raw	deepseek-ai/DeepSeek-V3	latest	641.312	/mnt/models/d1/raw/deepseek-ai/DeepSeek-V3/latest
d1	raw	deepseek-ai/DeepSeek-V3-0324	e9b33add76883f293d6bf61f6bd89b497e80e335	535.207	/mnt/models/d1/raw/deepseek-ai/DeepSeek-V3-0324/e9b33add76883f293d6bf61f6bd89b497e80e335
d1	raw	deepseek-ai/deepseek-coder-33b-instruct	61dc97b922b13995e7f83b7c8397701dbf9cfd4c	124.214	/mnt/models/d1/raw/deepseek-ai/deepseek-coder-33b-instruct/61dc97b922b13995e7f83b7c8397701dbf9cfd4c
d1	raw	deepseek-ai/deepseek-coder-33b-instruct	latest	124.214	/mnt/models/d1/raw/deepseek-ai/deepseek-coder-33b-instruct/latest
d1	raw	deepseek-ai/deepseek-vl2	f363772d1c47f4239dd844015b4bd53beb87951b	51.193	/mnt/models/d1/raw/deepseek-ai/deepseek-vl2/f363772d1c47f4239dd844015b4bd53beb87951b
d1	raw	google/gemma-2-9b-it	11c9b309abf73637e4b6f9a3fa1e92e615547819	17.234	/mnt/models/d1/raw/google/gemma-2-9b-it/11c9b309abf73637e4b6f9a3fa1e92e615547819
d1	raw	google/gemma-2-9b-it	latest	17.234	/mnt/models/d1/raw/google/gemma-2-9b-it/latest
d1	raw	google/gemma-4-31B	5dc307ed18be972e945cea1bfd3facf5bfd5fa39	58.281	/mnt/models/d1/raw/google/gemma-4-31B/5dc307ed18be972e945cea1bfd3facf5bfd5fa39
d1	raw	google/gemma-4-31B	latest	58.281	/mnt/models/d1/raw/google/gemma-4-31B/latest
d1	raw	google/gemma-4-31B-it	419b2efe421994fdfd3394e621983d4cc511cd4f	58.281	/mnt/models/d1/raw/google/gemma-4-31B-it/419b2efe421994fdfd3394e621983d4cc511cd4f
d1	raw	google/gemma-4-31B-it	latest	58.281	/mnt/models/d1/raw/google/gemma-4-31B-it/latest
d1	raw	google/recurrentgemma-9b-it	c079e8183308ba41c6f9454291d27a16bc0bbb23	17.955	/mnt/models/d1/raw/google/recurrentgemma-9b-it/c079e8183308ba41c6f9454291d27a16bc0bbb23
d1	raw	google/recurrentgemma-9b-it	latest	17.955	/mnt/models/d1/raw/google/recurrentgemma-9b-it/latest
d1	raw	meta-llama/Llama-3.3-70B-Instruct	6f6073b423013f6a7d4d9f39144961bfbfbc386b	246.441	/mnt/models/d1/raw/meta-llama/Llama-3.3-70B-Instruct/6f6073b423013f6a7d4d9f39144961bfbfbc386b
d1	raw	mistralai/Ministral-8B-Instruct-2410	2f494a194c5b980dfb9772cb92d26cbb671fce5a	29.906	/mnt/models/d1/raw/mistralai/Ministral-8B-Instruct-2410/2f494a194c5b980dfb9772cb92d26cbb671fce5a
d1	raw	mistralai/Ministral-8B-Instruct-2410	latest	29.906	/mnt/models/d1/raw/mistralai/Ministral-8B-Instruct-2410/latest
d1	raw	mistralai/Mistral-Large-Instruct-2411	ba78820945ae22361b0274cf0ae6d696c967c1a4	456.763	/mnt/models/d1/raw/mistralai/Mistral-Large-Instruct-2411/ba78820945ae22361b0274cf0ae6d696c967c1a4
d1	raw	mistralai/Mistral-Large-Instruct-2411	latest	456.763	/mnt/models/d1/raw/mistralai/Mistral-Large-Instruct-2411/latest
d1	uncensored	nvidia/NVIDIA-Nemotron-3-Super-120B-A12B-BF16	7e74fe9a5a62b036155915a87dc28bff233f6206	88.370	/mnt/models/d1/uncensored/nvidia/NVIDIA-Nemotron-3-Super-120B-A12B-BF16/7e74fe9a5a62b036155915a87dc28bff233f6206
d1	uncensored	nvidia/NVIDIA-Nemotron-3-Super-120B-A12B-Base-BF16	46cc6113d364942e7742b0b2afd35b5db5058b29	32.546	/mnt/models/d1/uncensored/nvidia/NVIDIA-Nemotron-3-Super-120B-A12B-Base-BF16/46cc6113d364942e7742b0b2afd35b5db5058b29
d1	raw	tiiuae/falcon-180B	d2ea5531862d4fe907280234990e6380d2befd97	12.560	/mnt/models/d1/raw/tiiuae/falcon-180B/d2ea5531862d4fe907280234990e6380d2befd97
d1	quantized	unsloth/DeepSeek-V3-GGUF	6b9a45d8a30b48660644560df90e5ded5c0cb0e9	210.333	/mnt/models/d1/quantized/unsloth/DeepSeek-V3-GGUF/6b9a45d8a30b48660644560df90e5ded5c0cb0e9
d2	raw	CohereLabs/c4ai-command-r-plus-08-2024	e808c1a2249354ca211c9f08d1338e5039f633f8	193.375	/mnt/models/d2/raw/CohereLabs/c4ai-command-r-plus-08-2024/e808c1a2249354ca211c9f08d1338e5039f633f8
d2	raw	CohereLabs/c4ai-command-r-plus-08-2024	latest	193.375	/mnt/models/d2/raw/CohereLabs/c4ai-command-r-plus-08-2024/latest
d2	raw	Qwen/Qwen2.5-14B-Instruct	cf98f3b3bbb457ad9e2bb7baf9a0125b6b88caa8	27.522	/mnt/models/d2/raw/Qwen/Qwen2.5-14B-Instruct/cf98f3b3bbb457ad9e2bb7baf9a0125b6b88caa8
d2	raw	Qwen/Qwen2.5-14B-Instruct	latest	27.522	/mnt/models/d2/raw/Qwen/Qwen2.5-14B-Instruct/latest
d2	raw	Qwen/Qwen2.5-14B-Instruct-1M	620fad32de7bdd2293b3d99b39eba2fe63e97438	27.522	/mnt/models/d2/raw/Qwen/Qwen2.5-14B-Instruct-1M/620fad32de7bdd2293b3d99b39eba2fe63e97438
d2	raw	Qwen/Qwen2.5-14B-Instruct-1M	latest	27.522	/mnt/models/d2/raw/Qwen/Qwen2.5-14B-Instruct-1M/latest
d2	raw	Qwen/Qwen2.5-32B-Instruct	5ede1c97bbab6ce5cda5812749b4c0bdf79b18dd	61.038	/mnt/models/d2/raw/Qwen/Qwen2.5-32B-Instruct/5ede1c97bbab6ce5cda5812749b4c0bdf79b18dd
d2	raw	Qwen/Qwen2.5-32B-Instruct	latest	61.038	/mnt/models/d2/raw/Qwen/Qwen2.5-32B-Instruct/latest
d2	raw	Qwen/Qwen2.5-72B-Instruct	495f39366efef23836d0cfae4fbe635880d2be31	135.437	/mnt/models/d2/raw/Qwen/Qwen2.5-72B-Instruct/495f39366efef23836d0cfae4fbe635880d2be31
d2	raw	Qwen/Qwen2.5-72B-Instruct	latest	135.437	/mnt/models/d2/raw/Qwen/Qwen2.5-72B-Instruct/latest
d2	raw	Qwen/Qwen2.5-7B-Instruct	a09a35458c702b33eeacc393d103063234e8bc28	14.196	/mnt/models/d2/raw/Qwen/Qwen2.5-7B-Instruct/a09a35458c702b33eeacc393d103063234e8bc28
d2	raw	Qwen/Qwen2.5-7B-Instruct	latest	14.196	/mnt/models/d2/raw/Qwen/Qwen2.5-7B-Instruct/latest
d2	raw	Qwen/Qwen2.5-Coder-32B-Instruct	381fc969f78efac66bc87ff7ddeadb7e73c218a7	61.038	/mnt/models/d2/raw/Qwen/Qwen2.5-Coder-32B-Instruct/381fc969f78efac66bc87ff7ddeadb7e73c218a7
d2	raw	Qwen/Qwen2.5-Coder-32B-Instruct	latest	61.038	/mnt/models/d2/raw/Qwen/Qwen2.5-Coder-32B-Instruct/latest
d2	raw	Qwen/Qwen3-14B	40c069824f4251a91eefaf281ebe4c544efd3e18	27.523	/mnt/models/d2/raw/Qwen/Qwen3-14B/40c069824f4251a91eefaf281ebe4c544efd3e18
d2	raw	Qwen/Qwen3-14B	latest	27.523	/mnt/models/d2/raw/Qwen/Qwen3-14B/latest
d2	raw	Qwen/Qwen3-30B-A3B	ad44e777bcd18fa416d9da3bd8f70d33ebb85d39	56.889	/mnt/models/d2/raw/Qwen/Qwen3-30B-A3B/ad44e777bcd18fa416d9da3bd8f70d33ebb85d39
d2	raw	Qwen/Qwen3-30B-A3B	latest	56.889	/mnt/models/d2/raw/Qwen/Qwen3-30B-A3B/latest
d2	raw	Qwen/Qwen3-4B-Instruct-2507	cdbee75f17c01a7cc42f958dc650907174af0554	0.004	/mnt/models/d2/raw/Qwen/Qwen3-4B-Instruct-2507/cdbee75f17c01a7cc42f958dc650907174af0554
d2	raw	Qwen/Qwen3-8B	b968826d9c46dd6066d109eabc6255188de91218	15.271	/mnt/models/d2/raw/Qwen/Qwen3-8B/b968826d9c46dd6066d109eabc6255188de91218
d2	raw	Qwen/Qwen3-8B	latest	15.271	/mnt/models/d2/raw/Qwen/Qwen3-8B/latest
d2	raw	Qwen/Qwen3-Coder-30B-A3B-Instruct	b2cff646eb4bb1d68355c01b18ae02e7cf42d120	56.885	/mnt/models/d2/raw/Qwen/Qwen3-Coder-30B-A3B-Instruct/b2cff646eb4bb1d68355c01b18ae02e7cf42d120
d2	raw	Qwen/Qwen3-Coder-30B-A3B-Instruct	latest	56.885	/mnt/models/d2/raw/Qwen/Qwen3-Coder-30B-A3B-Instruct/latest
d2	raw	Qwen/Qwen3.5-27B	b7ca741b86de18df552fd2cc952861e04621a4bd	51.769	/mnt/models/d2/raw/Qwen/Qwen3.5-27B/b7ca741b86de18df552fd2cc952861e04621a4bd
d2	raw	Qwen/Qwen3.5-27B	latest	51.769	/mnt/models/d2/raw/Qwen/Qwen3.5-27B/latest
d2	raw	Undi95/dbrx-base	977ba48c329059d641e5288ff628e912685af188	63.987	/mnt/models/d2/raw/Undi95/dbrx-base/977ba48c329059d641e5288ff628e912685af188
d2	raw	allenai/Llama-3.1-Tulu-3-70B	cfc1d855e534a0b9b82a9cea6bf9e8dda30b10d7	131.425	/mnt/models/d2/raw/allenai/Llama-3.1-Tulu-3-70B/cfc1d855e534a0b9b82a9cea6bf9e8dda30b10d7
d2	raw	allenai/Llama-3.1-Tulu-3-70B	latest	131.425	/mnt/models/d2/raw/allenai/Llama-3.1-Tulu-3-70B/latest
d2	quantized	bartowski/Llama-3.3-70B-Instruct-GGUF	b6c5c9f176f3279204034e1d16d393105e95cb88	69.826	/mnt/models/d2/quantized/bartowski/Llama-3.3-70B-Instruct-GGUF/b6c5c9f176f3279204034e1d16d393105e95cb88
d2	quantized	bartowski/Llama-3.3-70B-Instruct-GGUF	latest	69.826	/mnt/models/d2/quantized/bartowski/Llama-3.3-70B-Instruct-GGUF/latest
d2	quantized	bartowski/Qwen2.5-72B-Instruct-GGUF	d43fd973131bce821f41e2df3c78c6fe15c5627a	71.956	/mnt/models/d2/quantized/bartowski/Qwen2.5-72B-Instruct-GGUF/d43fd973131bce821f41e2df3c78c6fe15c5627a
d2	quantized	bartowski/Qwen2.5-72B-Instruct-GGUF	latest	71.956	/mnt/models/d2/quantized/bartowski/Qwen2.5-72B-Instruct-GGUF/latest
d2	raw	bigcode/starcoder2-15b	46d44742909c03ac8cee08eb03fdebce02e193ec	59.451	/mnt/models/d2/raw/bigcode/starcoder2-15b/46d44742909c03ac8cee08eb03fdebce02e193ec
d2	raw	bigcode/starcoder2-15b	latest	59.451	/mnt/models/d2/raw/bigcode/starcoder2-15b/latest
d2	uncensored	cognitivecomputations/Dolphin3.0-Llama3.1-8B	f065677950dfc7e708d518d64cf1f5041ee007a0	14.975	/mnt/models/d2/uncensored/cognitivecomputations/Dolphin3.0-Llama3.1-8B/f065677950dfc7e708d518d64cf1f5041ee007a0
d2	uncensored	cognitivecomputations/Dolphin3.0-Llama3.1-8B	latest	14.975	/mnt/models/d2/uncensored/cognitivecomputations/Dolphin3.0-Llama3.1-8B/latest
d2	raw	deepseek-ai/DeepSeek-Coder-V2-Lite-Instruct	e434a23f91ba5b4923cf6c9d9a238eb4a08e3a11	29.261	/mnt/models/d2/raw/deepseek-ai/DeepSeek-Coder-V2-Lite-Instruct/e434a23f91ba5b4923cf6c9d9a238eb4a08e3a11
d2	raw	deepseek-ai/DeepSeek-Coder-V2-Lite-Instruct	latest	29.261	/mnt/models/d2/raw/deepseek-ai/DeepSeek-Coder-V2-Lite-Instruct/latest
d2	raw	deepseek-ai/DeepSeek-R1-Distill-Llama-70B	b1c0b44b4369b597ad119a196caf79a9c40e141e	131.425	/mnt/models/d2/raw/deepseek-ai/DeepSeek-R1-Distill-Llama-70B/b1c0b44b4369b597ad119a196caf79a9c40e141e
d2	raw	deepseek-ai/DeepSeek-R1-Distill-Llama-70B	latest	131.425	/mnt/models/d2/raw/deepseek-ai/DeepSeek-R1-Distill-Llama-70B/latest
d2	raw	deepseek-ai/DeepSeek-R1-Distill-Llama-8B	6a6f4aa4197940add57724a7707d069478df56b1	14.966	/mnt/models/d2/raw/deepseek-ai/DeepSeek-R1-Distill-Llama-8B/6a6f4aa4197940add57724a7707d069478df56b1
d2	raw	deepseek-ai/DeepSeek-R1-Distill-Llama-8B	latest	14.966	/mnt/models/d2/raw/deepseek-ai/DeepSeek-R1-Distill-Llama-8B/latest
d2	raw	deepseek-ai/DeepSeek-R1-Distill-Qwen-14B	1df8507178afcc1bef68cd8c393f61a886323761	27.518	/mnt/models/d2/raw/deepseek-ai/DeepSeek-R1-Distill-Qwen-14B/1df8507178afcc1bef68cd8c393f61a886323761
d2	raw	deepseek-ai/DeepSeek-R1-Distill-Qwen-14B	latest	27.518	/mnt/models/d2/raw/deepseek-ai/DeepSeek-R1-Distill-Qwen-14B/latest
d2	raw	deepseek-ai/DeepSeek-R1-Distill-Qwen-32B	711ad2ea6aa40cfca18895e8aca02ab92df1a746	61.034	/mnt/models/d2/raw/deepseek-ai/DeepSeek-R1-Distill-Qwen-32B/711ad2ea6aa40cfca18895e8aca02ab92df1a746
d2	raw	deepseek-ai/DeepSeek-R1-Distill-Qwen-32B	latest	61.034	/mnt/models/d2/raw/deepseek-ai/DeepSeek-R1-Distill-Qwen-32B/latest
d2	raw	deepseek-ai/deepseek-coder-6.7b-instruct	e5d64addd26a6a1db0f9b863abf6ee3141936807	0.001	/mnt/models/d2/raw/deepseek-ai/deepseek-coder-6.7b-instruct/e5d64addd26a6a1db0f9b863abf6ee3141936807
d2	raw	google/gemma-3-12b-it	96b6f1eccf38110c56df3a15bffe176da04bfd80	22.737	/mnt/models/d2/raw/google/gemma-3-12b-it/96b6f1eccf38110c56df3a15bffe176da04bfd80
d2	raw	google/gemma-3-12b-it	latest	22.737	/mnt/models/d2/raw/google/gemma-3-12b-it/latest
d2	raw	google/gemma-3-27b-it	005ad3404e59d6023443cb575daa05336842228a	51.134	/mnt/models/d2/raw/google/gemma-3-27b-it/005ad3404e59d6023443cb575daa05336842228a
d2	raw	google/gemma-3-27b-it	latest	51.134	/mnt/models/d2/raw/google/gemma-3-27b-it/latest
d2	raw	google/gemma-3-27b-pt	9fe3c4ebc93fbadb14913801536d022054ef11cc	51.134	/mnt/models/d2/raw/google/gemma-3-27b-pt/9fe3c4ebc93fbadb14913801536d022054ef11cc
d2	raw	google/gemma-3-27b-pt	latest	51.134	/mnt/models/d2/raw/google/gemma-3-27b-pt/latest
d2	raw	google/gemma-4-26B-A4B	64143b04706fadeb2f8ac198f7ecab57b94b1e0b	48.098	/mnt/models/d2/raw/google/gemma-4-26B-A4B/64143b04706fadeb2f8ac198f7ecab57b94b1e0b
d2	raw	google/gemma-4-26B-A4B	latest	48.098	/mnt/models/d2/raw/google/gemma-4-26B-A4B/latest
d2	raw	google/gemma-4-26B-A4B-it	47b6801b24d15ff9bcd8c96dfaea0be9ed3a0301	48.098	/mnt/models/d2/raw/google/gemma-4-26B-A4B-it/47b6801b24d15ff9bcd8c96dfaea0be9ed3a0301
d2	raw	google/gemma-4-26B-A4B-it	latest	48.098	/mnt/models/d2/raw/google/gemma-4-26B-A4B-it/latest
d2	uncensored	huihui-ai/DeepSeek-R1-Distill-Llama-70B-abliterated	116ff0fa55425b094a38a6bbf6faf2f5cafea335	131.433	/mnt/models/d2/uncensored/huihui-ai/DeepSeek-R1-Distill-Llama-70B-abliterated/116ff0fa55425b094a38a6bbf6faf2f5cafea335
d2	uncensored	huihui-ai/DeepSeek-R1-Distill-Llama-70B-abliterated	latest	131.433	/mnt/models/d2/uncensored/huihui-ai/DeepSeek-R1-Distill-Llama-70B-abliterated/latest
d2	uncensored	huihui-ai/DeepSeek-R1-Distill-Qwen-32B-abliterated	939b7e288235a393e2aac8a16ddc3d48f9406f03	61.038	/mnt/models/d2/uncensored/huihui-ai/DeepSeek-R1-Distill-Qwen-32B-abliterated/939b7e288235a393e2aac8a16ddc3d48f9406f03
d2	uncensored	huihui-ai/DeepSeek-R1-Distill-Qwen-32B-abliterated	latest	61.038	/mnt/models/d2/uncensored/huihui-ai/DeepSeek-R1-Distill-Qwen-32B-abliterated/latest
d2	uncensored	huihui-ai/Llama-3.3-70B-Instruct-abliterated	fa13334669544bab573e0e5313cad629a9c02e2c	131.433	/mnt/models/d2/uncensored/huihui-ai/Llama-3.3-70B-Instruct-abliterated/fa13334669544bab573e0e5313cad629a9c02e2c
d2	uncensored	huihui-ai/Llama-3.3-70B-Instruct-abliterated	latest	131.433	/mnt/models/d2/uncensored/huihui-ai/Llama-3.3-70B-Instruct-abliterated/latest
d2	uncensored	huihui-ai/Mistral-Small-24B-Instruct-2501-abliterated	04d6728a8ecd8236b59f5f91ad7a8b9f3dafa57d	43.937	/mnt/models/d2/uncensored/huihui-ai/Mistral-Small-24B-Instruct-2501-abliterated/04d6728a8ecd8236b59f5f91ad7a8b9f3dafa57d
d2	uncensored	huihui-ai/Mistral-Small-24B-Instruct-2501-abliterated	latest	43.937	/mnt/models/d2/uncensored/huihui-ai/Mistral-Small-24B-Instruct-2501-abliterated/latest
d2	raw	meta-llama/Llama-3.1-8B-Instruct	0e9e39f249a16976918f6564b8830bc894c89659	29.926	/mnt/models/d2/raw/meta-llama/Llama-3.1-8B-Instruct/0e9e39f249a16976918f6564b8830bc894c89659
d2	raw	meta-llama/Llama-3.1-8B-Instruct	latest	29.926	/mnt/models/d2/raw/meta-llama/Llama-3.1-8B-Instruct/latest
d2	raw	meta-llama/Llama-3.2-3B-Instruct	0cb88a4f764b7a12671c53f0838cd831a0843b95	0.009	/mnt/models/d2/raw/meta-llama/Llama-3.2-3B-Instruct/0cb88a4f764b7a12671c53f0838cd831a0843b95
d2	raw	microsoft/Phi-4-mini-instruct	cfbefacb99257ffa30c83adab238a50856ac3083	0.006	/mnt/models/d2/raw/microsoft/Phi-4-mini-instruct/cfbefacb99257ffa30c83adab238a50856ac3083
d2	raw	microsoft/phi-4	932b33c0ec9ca189badeb22480721a8de9d0e006	27.312	/mnt/models/d2/raw/microsoft/phi-4/932b33c0ec9ca189badeb22480721a8de9d0e006
d2	raw	microsoft/phi-4	latest	27.312	/mnt/models/d2/raw/microsoft/phi-4/latest
d2	raw	mistralai/Codestral-22B-v0.1	28b1c1a51dabe9d86ca8c41420ada1984632498f	82.880	/mnt/models/d2/raw/mistralai/Codestral-22B-v0.1/28b1c1a51dabe9d86ca8c41420ada1984632498f
d2	raw	mistralai/Codestral-22B-v0.1	latest	82.880	/mnt/models/d2/raw/mistralai/Codestral-22B-v0.1/latest
d2	raw	mistralai/Devstral-Small-2507	bd165ab26cebbcc2eea2c4ecbfc07f3ac42b3c39	87.832	/mnt/models/d2/raw/mistralai/Devstral-Small-2507/bd165ab26cebbcc2eea2c4ecbfc07f3ac42b3c39
d2	raw	mistralai/Devstral-Small-2507	latest	87.832	/mnt/models/d2/raw/mistralai/Devstral-Small-2507/latest
d2	raw	mistralai/Mistral-7B-Instruct-v0.3	c170c708c41dac9275d15a8fff4eca08d52bab71	27.004	/mnt/models/d2/raw/mistralai/Mistral-7B-Instruct-v0.3/c170c708c41dac9275d15a8fff4eca08d52bab71
d2	raw	mistralai/Mistral-7B-Instruct-v0.3	latest	27.004	/mnt/models/d2/raw/mistralai/Mistral-7B-Instruct-v0.3/latest
d2	raw	mistralai/Mistral-Small-24B-Instruct-2501	9527884be6e5616bdd54de542f9ae13384489724	87.844	/mnt/models/d2/raw/mistralai/Mistral-Small-24B-Instruct-2501/9527884be6e5616bdd54de542f9ae13384489724
d2	raw	mistralai/Mistral-Small-24B-Instruct-2501	latest	87.844	/mnt/models/d2/raw/mistralai/Mistral-Small-24B-Instruct-2501/latest
d2	uncensored	mlabonne/Llama-3.1-70B-Instruct-lorablated	5bb381611cfa4512f63affbb199c218b8a38bd76	131.425	/mnt/models/d2/uncensored/mlabonne/Llama-3.1-70B-Instruct-lorablated/5bb381611cfa4512f63affbb199c218b8a38bd76
d2	uncensored	mlabonne/Llama-3.1-70B-Instruct-lorablated	latest	131.425	/mnt/models/d2/uncensored/mlabonne/Llama-3.1-70B-Instruct-lorablated/latest
d2	uncensored	mlabonne/NeuralDaredevil-8B-abliterated	6567010926ff93a5e9fb809534d61ab667a86674	14.966	/mnt/models/d2/uncensored/mlabonne/NeuralDaredevil-8B-abliterated/6567010926ff93a5e9fb809534d61ab667a86674
d2	uncensored	mlabonne/NeuralDaredevil-8B-abliterated	latest	14.966	/mnt/models/d2/uncensored/mlabonne/NeuralDaredevil-8B-abliterated/latest
d2	raw	open-r1/OlympicCoder-32B	34113aee9d255591a1fa75b60d1e3422e82c3b1f	61.043	/mnt/models/d2/raw/open-r1/OlympicCoder-32B/34113aee9d255591a1fa75b60d1e3422e82c3b1f
d2	raw	open-r1/OlympicCoder-32B	latest	61.043	/mnt/models/d2/raw/open-r1/OlympicCoder-32B/latest
d3	specialist/chemistry/raw	AI4Chem/ChemLLM-7B-Chat	b8b2ea19e48f53d190fe8dced94572717f8e89a2	14.414	/mnt/models/d3/specialist/chemistry/raw/AI4Chem/ChemLLM-7B-Chat/b8b2ea19e48f53d190fe8dced94572717f8e89a2
d3	specialist/chemistry/raw	AI4Chem/ChemLLM-7B-Chat	latest	14.414	/mnt/models/d3/specialist/chemistry/raw/AI4Chem/ChemLLM-7B-Chat/latest
d3	raw	Alibaba-NLP/gte-Qwen2-7B-instruct	a8d08b36ada9cacfe34c4d6f80957772a025daf2	28.370	/mnt/models/d3/raw/Alibaba-NLP/gte-Qwen2-7B-instruct/a8d08b36ada9cacfe34c4d6f80957772a025daf2
d3	specialist/embeddings/raw	Alibaba-NLP/gte-Qwen2-7B-instruct	a8d08b36ada9cacfe34c4d6f80957772a025daf2	0.011	/mnt/models/d3/specialist/embeddings/raw/Alibaba-NLP/gte-Qwen2-7B-instruct/a8d08b36ada9cacfe34c4d6f80957772a025daf2
d3	raw	Alibaba-NLP/gte-Qwen2-7B-instruct	latest	28.370	/mnt/models/d3/raw/Alibaba-NLP/gte-Qwen2-7B-instruct/latest
d3	raw	BAAI/bge-base-en-v1.5	a5beb1e3e68b9ab74eb54cfd186867f64f240e1a	0.817	/mnt/models/d3/raw/BAAI/bge-base-en-v1.5/a5beb1e3e68b9ab74eb54cfd186867f64f240e1a
d3	raw	BAAI/bge-base-en-v1.5	latest	0.817	/mnt/models/d3/raw/BAAI/bge-base-en-v1.5/latest
d3	raw	BAAI/bge-en-icl	971c7e1445cc86656ca0bd85ed770b8675a40bb5	26.492	/mnt/models/d3/raw/BAAI/bge-en-icl/971c7e1445cc86656ca0bd85ed770b8675a40bb5
d3	specialist/embeddings/raw	BAAI/bge-en-icl	971c7e1445cc86656ca0bd85ed770b8675a40bb5	0.002	/mnt/models/d3/specialist/embeddings/raw/BAAI/bge-en-icl/971c7e1445cc86656ca0bd85ed770b8675a40bb5
d3	raw	BAAI/bge-en-icl	latest	26.492	/mnt/models/d3/raw/BAAI/bge-en-icl/latest
d3	raw	BAAI/bge-large-en-v1.5	d4aa6901d3a41ba39fb536a557fa166f842b0e09	2.498	/mnt/models/d3/raw/BAAI/bge-large-en-v1.5/d4aa6901d3a41ba39fb536a557fa166f842b0e09
d3	raw	BAAI/bge-large-en-v1.5	latest	2.498	/mnt/models/d3/raw/BAAI/bge-large-en-v1.5/latest
d3	raw	BAAI/bge-m3	5617a9f61b028005a4858fdac845db406aefb181	2.158	/mnt/models/d3/raw/BAAI/bge-m3/5617a9f61b028005a4858fdac845db406aefb181
d3	raw	BAAI/bge-m3	latest	2.158	/mnt/models/d3/raw/BAAI/bge-m3/latest
d3	raw	BAAI/bge-small-en-v1.5	5c38ec7c405ec4b44b94cc5a9bb96e735b38267a	0.250	/mnt/models/d3/raw/BAAI/bge-small-en-v1.5/5c38ec7c405ec4b44b94cc5a9bb96e735b38267a
d3	raw	BAAI/bge-small-en-v1.5	latest	0.250	/mnt/models/d3/raw/BAAI/bge-small-en-v1.5/latest
d3	specialist/math/raw	EleutherAI/llemma_7b	e223eee41c53449e6ea6548c9b71c50865e4a85c	25.105	/mnt/models/d3/specialist/math/raw/EleutherAI/llemma_7b/e223eee41c53449e6ea6548c9b71c50865e4a85c
d3	specialist/math/raw	EleutherAI/llemma_7b	latest	25.105	/mnt/models/d3/specialist/math/raw/EleutherAI/llemma_7b/latest
d3	specialist/law/raw	Equall/Saul-7B-Instruct-v1	2133ba7923533934e78f73848045299dd74f08d2	26.980	/mnt/models/d3/specialist/law/raw/Equall/Saul-7B-Instruct-v1/2133ba7923533934e78f73848045299dd74f08d2
d3	specialist/law/raw	Equall/Saul-7B-Instruct-v1	latest	26.980	/mnt/models/d3/specialist/law/raw/Equall/Saul-7B-Instruct-v1/latest
d3	uncensored	FINGU-AI/RomboUltima-32B	98a732a32e2366a2ab8f08fdc3d668892e7c1f7f	19.258	/mnt/models/d3/uncensored/FINGU-AI/RomboUltima-32B/98a732a32e2366a2ab8f08fdc3d668892e7c1f7f
d3	uncensored	FINGU-AI/RomboUltima-32B	latest	19.258	/mnt/models/d3/uncensored/FINGU-AI/RomboUltima-32B/latest
d3	specialist/medicine/raw	FreedomIntelligence/HuatuoGPT2-7B	1490cc91a93d2d0d2fdc9d3681bc1c5099cde163	13.983	/mnt/models/d3/specialist/medicine/raw/FreedomIntelligence/HuatuoGPT2-7B/1490cc91a93d2d0d2fdc9d3681bc1c5099cde163
d3	specialist/medicine/raw	FreedomIntelligence/HuatuoGPT2-7B	latest	13.983	/mnt/models/d3/specialist/medicine/raw/FreedomIntelligence/HuatuoGPT2-7B/latest
d3	raw	HuggingFaceH4/zephyr-7b-beta	892b3d7a7b1cf10c7a701c60881cd93df615734c	26.980	/mnt/models/d3/raw/HuggingFaceH4/zephyr-7b-beta/892b3d7a7b1cf10c7a701c60881cd93df615734c
d3	raw	HuggingFaceH4/zephyr-7b-beta	latest	26.980	/mnt/models/d3/raw/HuggingFaceH4/zephyr-7b-beta/latest
d3	raw	HuggingFaceTB/SmolLM2-1.7B-Instruct	31b70e2e869a7173562077fd711b654946d38674	3.191	/mnt/models/d3/raw/HuggingFaceTB/SmolLM2-1.7B-Instruct/31b70e2e869a7173562077fd711b654946d38674
d3	raw	HuggingFaceTB/SmolLM2-1.7B-Instruct	latest	3.191	/mnt/models/d3/raw/HuggingFaceTB/SmolLM2-1.7B-Instruct/latest
d3	raw	HuggingFaceTB/SmolLM3-3B	a07cc9a04f16550a088caea529712d1d335b0ac1	5.744	/mnt/models/d3/raw/HuggingFaceTB/SmolLM3-3B/a07cc9a04f16550a088caea529712d1d335b0ac1
d3	raw	HuggingFaceTB/SmolLM3-3B	latest	5.744	/mnt/models/d3/raw/HuggingFaceTB/SmolLM3-3B/latest
d3	raw	Intel/neural-chat-7b-v3-1	8189385e1dc17bcff572511123b0ba7dc553f743	26.980	/mnt/models/d3/raw/Intel/neural-chat-7b-v3-1/8189385e1dc17bcff572511123b0ba7dc553f743
d3	specialist/science/raw	Intel/neural-chat-7b-v3-1	8189385e1dc17bcff572511123b0ba7dc553f743	0.002	/mnt/models/d3/specialist/science/raw/Intel/neural-chat-7b-v3-1/8189385e1dc17bcff572511123b0ba7dc553f743
d3	raw	Intel/neural-chat-7b-v3-1	latest	26.980	/mnt/models/d3/raw/Intel/neural-chat-7b-v3-1/latest
d3	raw	MiniMaxAI/MiniMax-M2.5	f710177d938eff80b684d42c5aa84b382612f21f	23.920	/mnt/models/d3/raw/MiniMaxAI/MiniMax-M2.5/f710177d938eff80b684d42c5aa84b382612f21f
d3	specialist/chemistry/raw	OpenDFM/ChemDFM-v1.5-8B	f5790d56a903ce480b1eff8d0adf9613d8acee0c	14.966	/mnt/models/d3/specialist/chemistry/raw/OpenDFM/ChemDFM-v1.5-8B/f5790d56a903ce480b1eff8d0adf9613d8acee0c
d3	specialist/chemistry/raw	OpenDFM/ChemDFM-v1.5-8B	latest	14.966	/mnt/models/d3/specialist/chemistry/raw/OpenDFM/ChemDFM-v1.5-8B/latest
d3	specialist/chemistry/raw	OpenDFM/ChemDFM-v2.0-14B	b3b1d2143bb3e307e6b6dae794f6e9b0a83a45ef	27.516	/mnt/models/d3/specialist/chemistry/raw/OpenDFM/ChemDFM-v2.0-14B/b3b1d2143bb3e307e6b6dae794f6e9b0a83a45ef
d3	specialist/chemistry/raw	OpenDFM/ChemDFM-v2.0-14B	latest	27.516	/mnt/models/d3/specialist/chemistry/raw/OpenDFM/ChemDFM-v2.0-14B/latest
d3	specialist/science/raw	OpenDFM/RetroDFM-R-v0-8B	c828b32bf1da3143ed1d8402dd09cc7f8747727f	14.974	/mnt/models/d3/specialist/science/raw/OpenDFM/RetroDFM-R-v0-8B/c828b32bf1da3143ed1d8402dd09cc7f8747727f
d3	specialist/science/raw	OpenDFM/RetroDFM-R-v0-8B	latest	14.974	/mnt/models/d3/specialist/science/raw/OpenDFM/RetroDFM-R-v0-8B/latest
d3	specialist/reasoning/raw	Qwen/QwQ-32B	976055f8c83f394f35dbd3ab09a285a984907bd0	61.039	/mnt/models/d3/specialist/reasoning/raw/Qwen/QwQ-32B/976055f8c83f394f35dbd3ab09a285a984907bd0
d3	specialist/reasoning/raw	Qwen/QwQ-32B	latest	61.039	/mnt/models/d3/specialist/reasoning/raw/Qwen/QwQ-32B/latest
d3	quantized	Qwen/QwQ-32B-GGUF	8728e66249190b78dee8404869827328527f6b3b	32.429	/mnt/models/d3/quantized/Qwen/QwQ-32B-GGUF/8728e66249190b78dee8404869827328527f6b3b
d3	quantized	Qwen/QwQ-32B-GGUF	latest	32.429	/mnt/models/d3/quantized/Qwen/QwQ-32B-GGUF/latest
d3	specialist/math/raw	Qwen/Qwen2.5-Math-1.5B	4a83ca6e4526a4f2da3aa259ec36c259f66b2ab2	2.886	/mnt/models/d3/specialist/math/raw/Qwen/Qwen2.5-Math-1.5B/4a83ca6e4526a4f2da3aa259ec36c259f66b2ab2
d3	specialist/math/raw	Qwen/Qwen2.5-Math-1.5B	latest	2.886	/mnt/models/d3/specialist/math/raw/Qwen/Qwen2.5-Math-1.5B/latest
d3	specialist/math/raw	Qwen/Qwen2.5-Math-72B-Instruct	8fcf92b1eac8eca48c3d49778ad3dd1b394c9a17	0.011	/mnt/models/d3/specialist/math/raw/Qwen/Qwen2.5-Math-72B-Instruct/8fcf92b1eac8eca48c3d49778ad3dd1b394c9a17
d3	raw	Qwen/Qwen2.5-Math-7B-Instruct	ef9926d75ab1d54532f6a30dd5e760355eb9aa4d	14.196	/mnt/models/d3/raw/Qwen/Qwen2.5-Math-7B-Instruct/ef9926d75ab1d54532f6a30dd5e760355eb9aa4d
d3	specialist/math/raw	Qwen/Qwen2.5-Math-7B-Instruct	ef9926d75ab1d54532f6a30dd5e760355eb9aa4d	0.011	/mnt/models/d3/specialist/math/raw/Qwen/Qwen2.5-Math-7B-Instruct/ef9926d75ab1d54532f6a30dd5e760355eb9aa4d
d3	raw	Qwen/Qwen2.5-Math-7B-Instruct	latest	14.196	/mnt/models/d3/raw/Qwen/Qwen2.5-Math-7B-Instruct/latest
d3	raw	Qwen/Qwen2.5-VL-7B-Instruct	cc594898137f460bfe9f0759e9844b3ce807cfb5	15.456	/mnt/models/d3/raw/Qwen/Qwen2.5-VL-7B-Instruct/cc594898137f460bfe9f0759e9844b3ce807cfb5
d3	specialist/science/raw	Qwen/Qwen2.5-VL-7B-Instruct	cc594898137f460bfe9f0759e9844b3ce807cfb5	0.011	/mnt/models/d3/specialist/science/raw/Qwen/Qwen2.5-VL-7B-Instruct/cc594898137f460bfe9f0759e9844b3ce807cfb5
d3	raw	Qwen/Qwen2.5-VL-7B-Instruct	latest	15.456	/mnt/models/d3/raw/Qwen/Qwen2.5-VL-7B-Instruct/latest
d3	quantized	Qwen/Qwen3-32B-GGUF	938a7432affaec9157f883a87164e2646ae17555	32.427	/mnt/models/d3/quantized/Qwen/Qwen3-32B-GGUF/938a7432affaec9157f883a87164e2646ae17555
d3	quantized	Qwen/Qwen3-32B-GGUF	latest	32.427	/mnt/models/d3/quantized/Qwen/Qwen3-32B-GGUF/latest
d3	raw	Qwen/Qwen3.5-4B	851bf6e806efd8d0a36b00ddf55e13ccb7b8cd0a	8.701	/mnt/models/d3/raw/Qwen/Qwen3.5-4B/851bf6e806efd8d0a36b00ddf55e13ccb7b8cd0a
d3	raw	Qwen/Qwen3.5-4B	latest	8.701	/mnt/models/d3/raw/Qwen/Qwen3.5-4B/latest
d3	raw	Qwen/Qwen3.5-4B-Base	57370f0ea82c3cca33558a95212e032c344e5fd5	8.701	/mnt/models/d3/raw/Qwen/Qwen3.5-4B-Base/57370f0ea82c3cca33558a95212e032c344e5fd5
d3	raw	Qwen/Qwen3.5-4B-Base	latest	8.701	/mnt/models/d3/raw/Qwen/Qwen3.5-4B-Base/latest
d3	raw	Qwen/Qwen3.5-9B	c202236235762e1c871ad0ccb60c8ee5ba337b9a	18.002	/mnt/models/d3/raw/Qwen/Qwen3.5-9B/c202236235762e1c871ad0ccb60c8ee5ba337b9a
d3	raw	Qwen/Qwen3.5-9B	latest	18.002	/mnt/models/d3/raw/Qwen/Qwen3.5-9B/latest
d3	raw	Qwen/Qwen3.5-9B-Base	2d021f1887f1fe402bf2c53ed69d7f0fc4709ec9	18.002	/mnt/models/d3/raw/Qwen/Qwen3.5-9B-Base/2d021f1887f1fe402bf2c53ed69d7f0fc4709ec9
d3	raw	Qwen/Qwen3.5-9B-Base	latest	18.002	/mnt/models/d3/raw/Qwen/Qwen3.5-9B-Base/latest
d3	raw	TinyLlama/TinyLlama-1.1B-Chat-v1.0	fe8a4ea1ffedaf415f4da2f062534de366a451e6	2.051	/mnt/models/d3/raw/TinyLlama/TinyLlama-1.1B-Chat-v1.0/fe8a4ea1ffedaf415f4da2f062534de366a451e6
d3	raw	TinyLlama/TinyLlama-1.1B-Chat-v1.0	latest	2.051	/mnt/models/d3/raw/TinyLlama/TinyLlama-1.1B-Chat-v1.0/latest
d3	specialist/medicine/raw	aaditya/Llama3-OpenBioLLM-8B	70d6bb521cab6ca755b675ade38831eedf89d31c	14.966	/mnt/models/d3/specialist/medicine/raw/aaditya/Llama3-OpenBioLLM-8B/70d6bb521cab6ca755b675ade38831eedf89d31c
d3	specialist/medicine/raw	aaditya/Llama3-OpenBioLLM-8B	latest	14.966	/mnt/models/d3/specialist/medicine/raw/aaditya/Llama3-OpenBioLLM-8B/latest
d3	specialist/science/raw	allenai/OLMo-2-1124-7B	7df9a82518afdecae4e8c026b27adccc8c1f0032	27.199	/mnt/models/d3/specialist/science/raw/allenai/OLMo-2-1124-7B/7df9a82518afdecae4e8c026b27adccc8c1f0032
d3	specialist/science/raw	allenai/OLMo-2-1124-7B	latest	27.199	/mnt/models/d3/specialist/science/raw/allenai/OLMo-2-1124-7B/latest
d3	specialist/science/raw	apple/DiffuCoder-7B-Base	a2c33054cbe99b9ab7af074f09b1d13943157ff1	14.190	/mnt/models/d3/specialist/science/raw/apple/DiffuCoder-7B-Base/a2c33054cbe99b9ab7af074f09b1d13943157ff1
d3	specialist/science/raw	apple/DiffuCoder-7B-Base	latest	14.190	/mnt/models/d3/specialist/science/raw/apple/DiffuCoder-7B-Base/latest
d3	specialist/science/raw	apple/DiffuCoder-7B-Instruct	4fdd4580064ca5d11808069ce78f88d068753c96	14.190	/mnt/models/d3/specialist/science/raw/apple/DiffuCoder-7B-Instruct/4fdd4580064ca5d11808069ce78f88d068753c96
d3	specialist/science/raw	apple/DiffuCoder-7B-Instruct	latest	14.190	/mnt/models/d3/specialist/science/raw/apple/DiffuCoder-7B-Instruct/latest
d3	specialist/science/raw	apple/DiffuCoder-7B-cpGRPO	98bc42bfd871eeec92fd0a8439ab34f75b405204	14.190	/mnt/models/d3/specialist/science/raw/apple/DiffuCoder-7B-cpGRPO/98bc42bfd871eeec92fd0a8439ab34f75b405204
d3	specialist/science/raw	apple/DiffuCoder-7B-cpGRPO	latest	14.190	/mnt/models/d3/specialist/science/raw/apple/DiffuCoder-7B-cpGRPO/latest
d3	quantized	bartowski/Codestral-22B-v0.1-GGUF	0e6abe14d6aeaf2c99d5dc9973205e8e38692d90	22.017	/mnt/models/d3/quantized/bartowski/Codestral-22B-v0.1-GGUF/0e6abe14d6aeaf2c99d5dc9973205e8e38692d90
d3	quantized	bartowski/Codestral-22B-v0.1-GGUF	latest	22.017	/mnt/models/d3/quantized/bartowski/Codestral-22B-v0.1-GGUF/latest
d3	quantized	bartowski/DeepSeek-Coder-V2-Lite-Instruct-GGUF	8f248fa2072348f77a8bc37754e470de1f61866e	31.477	/mnt/models/d3/quantized/bartowski/DeepSeek-Coder-V2-Lite-Instruct-GGUF/8f248fa2072348f77a8bc37754e470de1f61866e
d3	quantized	bartowski/DeepSeek-Coder-V2-Lite-Instruct-GGUF	latest	31.477	/mnt/models/d3/quantized/bartowski/DeepSeek-Coder-V2-Lite-Instruct-GGUF/latest
d3	quantized	bartowski/DeepSeek-R1-Distill-Llama-70B-GGUF	1842c5f7280f933ead58adf8afd078672c9f6cd0	69.826	/mnt/models/d3/quantized/bartowski/DeepSeek-R1-Distill-Llama-70B-GGUF/1842c5f7280f933ead58adf8afd078672c9f6cd0
d3	quantized	bartowski/DeepSeek-R1-Distill-Llama-70B-GGUF	latest	69.826	/mnt/models/d3/quantized/bartowski/DeepSeek-R1-Distill-Llama-70B-GGUF/latest
d3	quantized	bartowski/DeepSeek-R1-Distill-Qwen-32B-GGUF	1dc8cf9ffa5dd333057ea1b09ccf4772d8726dec	32.429	/mnt/models/d3/quantized/bartowski/DeepSeek-R1-Distill-Qwen-32B-GGUF/1dc8cf9ffa5dd333057ea1b09ccf4772d8726dec
d3	quantized	bartowski/DeepSeek-R1-Distill-Qwen-32B-GGUF	latest	32.429	/mnt/models/d3/quantized/bartowski/DeepSeek-R1-Distill-Qwen-32B-GGUF/latest
d3	quantized	bartowski/Meta-Llama-3.1-8B-Instruct-GGUF	bf5b95e96dac0462e2a09145ec66cae9a3f12067	7.954	/mnt/models/d3/quantized/bartowski/Meta-Llama-3.1-8B-Instruct-GGUF/bf5b95e96dac0462e2a09145ec66cae9a3f12067
d3	quantized	bartowski/Meta-Llama-3.1-8B-Instruct-GGUF	latest	7.954	/mnt/models/d3/quantized/bartowski/Meta-Llama-3.1-8B-Instruct-GGUF/latest
d3	quantized	bartowski/Mistral-Small-24B-Instruct-2501-GGUF	62a613c92d5a5f73bba6d348b51433b232c4640c	23.334	/mnt/models/d3/quantized/bartowski/Mistral-Small-24B-Instruct-2501-GGUF/62a613c92d5a5f73bba6d348b51433b232c4640c
d3	quantized	bartowski/Mistral-Small-24B-Instruct-2501-GGUF	latest	23.334	/mnt/models/d3/quantized/bartowski/Mistral-Small-24B-Instruct-2501-GGUF/latest
d3	quantized	bartowski/Qwen2.5-14B-Instruct-GGUF	05244aa5d871c661c80082a15d3bce44714d068d	14.623	/mnt/models/d3/quantized/bartowski/Qwen2.5-14B-Instruct-GGUF/05244aa5d871c661c80082a15d3bce44714d068d
d3	quantized	bartowski/Qwen2.5-14B-Instruct-GGUF	latest	14.623	/mnt/models/d3/quantized/bartowski/Qwen2.5-14B-Instruct-GGUF/latest
d3	quantized	bartowski/Qwen2.5-32B-Instruct-GGUF	2116cbb385b8ce3a4d28cf3bf1cd2039a55821a6	32.429	/mnt/models/d3/quantized/bartowski/Qwen2.5-32B-Instruct-GGUF/2116cbb385b8ce3a4d28cf3bf1cd2039a55821a6
d3	quantized	bartowski/Qwen2.5-32B-Instruct-GGUF	latest	32.429	/mnt/models/d3/quantized/bartowski/Qwen2.5-32B-Instruct-GGUF/latest
d3	quantized	bartowski/Qwen2.5-7B-Instruct-GGUF	8911e8a47f92bac19d6f5c64a2e2095bd2f7d031	7.542	/mnt/models/d3/quantized/bartowski/Qwen2.5-7B-Instruct-GGUF/8911e8a47f92bac19d6f5c64a2e2095bd2f7d031
d3	quantized	bartowski/Qwen2.5-7B-Instruct-GGUF	latest	7.542	/mnt/models/d3/quantized/bartowski/Qwen2.5-7B-Instruct-GGUF/latest
d3	quantized	bartowski/Qwen2.5-Coder-32B-Instruct-GGUF	40b525506a4f98ed425882fa6dfc90cc8139065e	32.429	/mnt/models/d3/quantized/bartowski/Qwen2.5-Coder-32B-Instruct-GGUF/40b525506a4f98ed425882fa6dfc90cc8139065e
d3	quantized	bartowski/Qwen2.5-Coder-32B-Instruct-GGUF	latest	32.429	/mnt/models/d3/quantized/bartowski/Qwen2.5-Coder-32B-Instruct-GGUF/latest
d3	quantized	bartowski/google_gemma-3-27b-it-GGUF	4a05c54413bd0d87d77a97af403266f69cec0ee6	26.736	/mnt/models/d3/quantized/bartowski/google_gemma-3-27b-it-GGUF/4a05c54413bd0d87d77a97af403266f69cec0ee6
d3	quantized	bartowski/google_gemma-3-27b-it-GGUF	latest	26.736	/mnt/models/d3/quantized/bartowski/google_gemma-3-27b-it-GGUF/latest
d3	quantized	bartowski/phi-4-GGUF	19cd65f97c2f1712a81c506611d3f9c94b16a1e1	14.510	/mnt/models/d3/quantized/bartowski/phi-4-GGUF/19cd65f97c2f1712a81c506611d3f9c94b16a1e1
d3	quantized	bartowski/phi-4-GGUF	latest	14.510	/mnt/models/d3/quantized/bartowski/phi-4-GGUF/latest
d3	specialist/medicine/raw	cambridgeltl/SapBERT-from-PubMedBERT-fulltext	090663c3ae57bf35ffe4d0d468a2a88d03051a4d	1.632	/mnt/models/d3/specialist/medicine/raw/cambridgeltl/SapBERT-from-PubMedBERT-fulltext/090663c3ae57bf35ffe4d0d468a2a88d03051a4d
d3	specialist/medicine/raw	cambridgeltl/SapBERT-from-PubMedBERT-fulltext	latest	1.632	/mnt/models/d3/specialist/medicine/raw/cambridgeltl/SapBERT-from-PubMedBERT-fulltext/latest
d3	uncensored	cognitivecomputations/dolphin-2.9.2-qwen2-72b	5fdf999df3464a95c6387386f827e93227f3fa60	0.011	/mnt/models/d3/uncensored/cognitivecomputations/dolphin-2.9.2-qwen2-72b/5fdf999df3464a95c6387386f827e93227f3fa60
d3	specialist/science/uncensored	cognitivecomputations/dolphin-2.9.2-qwen2-72b	5fdf999df3464a95c6387386f827e93227f3fa60	0.011	/mnt/models/d3/specialist/science/uncensored/cognitivecomputations/dolphin-2.9.2-qwen2-72b/5fdf999df3464a95c6387386f827e93227f3fa60
d3	raw	deepseek-ai/DeepSeek-R1-Distill-Qwen-7B	916b56a44061fd5cd7d6a8fb632557ed4f724f60	14.193	/mnt/models/d3/raw/deepseek-ai/DeepSeek-R1-Distill-Qwen-7B/916b56a44061fd5cd7d6a8fb632557ed4f724f60
d3	specialist/reasoning/raw	deepseek-ai/DeepSeek-R1-Distill-Qwen-7B	916b56a44061fd5cd7d6a8fb632557ed4f724f60	0.007	/mnt/models/d3/specialist/reasoning/raw/deepseek-ai/DeepSeek-R1-Distill-Qwen-7B/916b56a44061fd5cd7d6a8fb632557ed4f724f60
d3	raw	deepseek-ai/DeepSeek-R1-Distill-Qwen-7B	latest	14.193	/mnt/models/d3/raw/deepseek-ai/DeepSeek-R1-Distill-Qwen-7B/latest
d3	raw	deepseek-ai/deepseek-coder-6.7b-instruct	e5d64addd26a6a1db0f9b863abf6ee3141936807	25.112	/mnt/models/d3/raw/deepseek-ai/deepseek-coder-6.7b-instruct/e5d64addd26a6a1db0f9b863abf6ee3141936807
d3	specialist/science/raw	deepseek-ai/deepseek-coder-6.7b-instruct	e5d64addd26a6a1db0f9b863abf6ee3141936807	0.001	/mnt/models/d3/specialist/science/raw/deepseek-ai/deepseek-coder-6.7b-instruct/e5d64addd26a6a1db0f9b863abf6ee3141936807
d3	raw	deepseek-ai/deepseek-coder-6.7b-instruct	latest	25.112	/mnt/models/d3/raw/deepseek-ai/deepseek-coder-6.7b-instruct/latest
d3	specialist/math/raw	deepseek-ai/deepseek-math-7b-instruct	0a5828f800a36df0fd7f0ed581b983246c0677ff	12.876	/mnt/models/d3/specialist/math/raw/deepseek-ai/deepseek-math-7b-instruct/0a5828f800a36df0fd7f0ed581b983246c0677ff
d3	specialist/math/raw	deepseek-ai/deepseek-math-7b-instruct	latest	12.876	/mnt/models/d3/specialist/math/raw/deepseek-ai/deepseek-math-7b-instruct/latest
d3	specialist/medicine/raw	dmis-lab/biobert-base-cased-v1.2	67c9c25b46986521ca33df05d8540da1210b3256	0.406	/mnt/models/d3/specialist/medicine/raw/dmis-lab/biobert-base-cased-v1.2/67c9c25b46986521ca33df05d8540da1210b3256
d3	specialist/medicine/raw	dmis-lab/biobert-base-cased-v1.2	latest	0.406	/mnt/models/d3/specialist/medicine/raw/dmis-lab/biobert-base-cased-v1.2/latest
d3	specialist/medicine/raw	emilyalsentzer/Bio_ClinicalBERT	d5892b39a4adaed74b92212a44081509db72f87b	0.406	/mnt/models/d3/specialist/medicine/raw/emilyalsentzer/Bio_ClinicalBERT/d5892b39a4adaed74b92212a44081509db72f87b
d3	specialist/medicine/raw	emilyalsentzer/Bio_ClinicalBERT	latest	0.406	/mnt/models/d3/specialist/medicine/raw/emilyalsentzer/Bio_ClinicalBERT/latest
d3	uncensored	failspy/Meta-Llama-3-70B-Instruct-abliterated-v3.5	fc951b03d92972ab52ad9392e620eba6173526b9	131.425	/mnt/models/d3/uncensored/failspy/Meta-Llama-3-70B-Instruct-abliterated-v3.5/fc951b03d92972ab52ad9392e620eba6173526b9
d3	specialist/science/uncensored	failspy/Meta-Llama-3-70B-Instruct-abliterated-v3.5	fc951b03d92972ab52ad9392e620eba6173526b9	0.009	/mnt/models/d3/specialist/science/uncensored/failspy/Meta-Llama-3-70B-Instruct-abliterated-v3.5/fc951b03d92972ab52ad9392e620eba6173526b9
d3	uncensored	failspy/Meta-Llama-3-70B-Instruct-abliterated-v3.5	latest	131.425	/mnt/models/d3/uncensored/failspy/Meta-Llama-3-70B-Instruct-abliterated-v3.5/latest
d3	raw	google/gemma-3-1b-it	dcc83ea841ab6100d6b47a070329e1ba4cf78752	1.899	/mnt/models/d3/raw/google/gemma-3-1b-it/dcc83ea841ab6100d6b47a070329e1ba4cf78752
d3	raw	google/gemma-3-1b-it	latest	1.899	/mnt/models/d3/raw/google/gemma-3-1b-it/latest
d3	raw	google/gemma-3-4b-it	093f9f388b31de276ce2de164bdc2081324b9767	0.001	/mnt/models/d3/raw/google/gemma-3-4b-it/093f9f388b31de276ce2de164bdc2081324b9767
d3	specialist/science/raw	google/gemma-3-4b-it	093f9f388b31de276ce2de164bdc2081324b9767	0.001	/mnt/models/d3/specialist/science/raw/google/gemma-3-4b-it/093f9f388b31de276ce2de164bdc2081324b9767
d3	raw	google/gemma-4-E2B	9d53598892698e981fc42f78b0f8c005cecd63ca	9.573	/mnt/models/d3/raw/google/gemma-4-E2B/9d53598892698e981fc42f78b0f8c005cecd63ca
d3	raw	google/gemma-4-E2B	latest	9.573	/mnt/models/d3/raw/google/gemma-4-E2B/latest
d3	raw	google/gemma-4-E2B-it	4742fe843cc01b9aed62122f6e0ddd13ea48b3d3	9.573	/mnt/models/d3/raw/google/gemma-4-E2B-it/4742fe843cc01b9aed62122f6e0ddd13ea48b3d3
d3	raw	google/gemma-4-E2B-it	latest	9.573	/mnt/models/d3/raw/google/gemma-4-E2B-it/latest
d3	raw	google/gemma-4-E4B	7aa32e6889efd6300124851b164f8b364314c3d8	14.924	/mnt/models/d3/raw/google/gemma-4-E4B/7aa32e6889efd6300124851b164f8b364314c3d8
d3	raw	google/gemma-4-E4B	latest	14.924	/mnt/models/d3/raw/google/gemma-4-E4B/latest
d3	raw	google/gemma-4-E4B-it	292a7e278a400932df35f9fd4b1501edd04133a5	14.924	/mnt/models/d3/raw/google/gemma-4-E4B-it/292a7e278a400932df35f9fd4b1501edd04133a5
d3	raw	google/gemma-4-E4B-it	latest	14.924	/mnt/models/d3/raw/google/gemma-4-E4B-it/latest
d3	raw	google/medgemma-27b-it	2d3e00ea38b50018bf5dd3aa1009457cd2d5a48f	51.134	/mnt/models/d3/raw/google/medgemma-27b-it/2d3e00ea38b50018bf5dd3aa1009457cd2d5a48f
d3	raw	google/medgemma-27b-it	latest	51.134	/mnt/models/d3/raw/google/medgemma-27b-it/latest
d3	specialist/medicine/raw	google/medgemma-27b-text-it	5b667cf2ddcf064085bc90952edb35a0edbfb79c	50.345	/mnt/models/d3/specialist/medicine/raw/google/medgemma-27b-text-it/5b667cf2ddcf064085bc90952edb35a0edbfb79c
d3	specialist/medicine/raw	google/medgemma-27b-text-it	latest	50.345	/mnt/models/d3/specialist/medicine/raw/google/medgemma-27b-text-it/latest
d3	uncensored	huihui-ai/Qwen2.5-72B-Instruct-abliterated	ff4f9fe269d95bad2bd741af23b805cd9f449a8b	135.437	/mnt/models/d3/uncensored/huihui-ai/Qwen2.5-72B-Instruct-abliterated/ff4f9fe269d95bad2bd741af23b805cd9f449a8b
d3	uncensored	huihui-ai/Qwen2.5-72B-Instruct-abliterated	latest	135.437	/mnt/models/d3/uncensored/huihui-ai/Qwen2.5-72B-Instruct-abliterated/latest
d3	raw	ibm-granite/granite-20b-code-base-8k	c2a5bbb0b4b7dc7fd259a7e9d55e7af20b6c3f8e	37.380	/mnt/models/d3/raw/ibm-granite/granite-20b-code-base-8k/c2a5bbb0b4b7dc7fd259a7e9d55e7af20b6c3f8e
d3	raw	ibm-granite/granite-20b-code-base-8k	latest	37.380	/mnt/models/d3/raw/ibm-granite/granite-20b-code-base-8k/latest
d3	raw	ibm-granite/granite-20b-code-instruct-r1.1	7a8c41cb84bdb13f97197d35349c273911f46ef8	37.380	/mnt/models/d3/raw/ibm-granite/granite-20b-code-instruct-r1.1/7a8c41cb84bdb13f97197d35349c273911f46ef8
d3	raw	ibm-granite/granite-20b-code-instruct-r1.1	latest	37.380	/mnt/models/d3/raw/ibm-granite/granite-20b-code-instruct-r1.1/latest
d3	raw	intfloat/e5-base-v2	f52bf8ec8c7124536f0efb74aca902b2995e5bcd	1.326	/mnt/models/d3/raw/intfloat/e5-base-v2/f52bf8ec8c7124536f0efb74aca902b2995e5bcd
d3	raw	intfloat/e5-base-v2	latest	1.326	/mnt/models/d3/raw/intfloat/e5-base-v2/latest
d3	raw	intfloat/e5-mistral-7b-instruct	07163b72af1488142a360786df853f237b1a3ca1	26.648	/mnt/models/d3/raw/intfloat/e5-mistral-7b-instruct/07163b72af1488142a360786df853f237b1a3ca1
d3	specialist/embeddings/raw	intfloat/e5-mistral-7b-instruct	07163b72af1488142a360786df853f237b1a3ca1	0.002	/mnt/models/d3/specialist/embeddings/raw/intfloat/e5-mistral-7b-instruct/07163b72af1488142a360786df853f237b1a3ca1
d3	raw	intfloat/e5-mistral-7b-instruct	latest	26.648	/mnt/models/d3/raw/intfloat/e5-mistral-7b-instruct/latest
d3	raw	intfloat/e5-small-v2	ffb93f3bd4047442299a41ebb6fa998a38507c52	0.405	/mnt/models/d3/raw/intfloat/e5-small-v2/ffb93f3bd4047442299a41ebb6fa998a38507c52
d3	raw	intfloat/e5-small-v2	latest	0.405	/mnt/models/d3/raw/intfloat/e5-small-v2/latest
d3	specialist/embeddings/raw	jinaai/jina-embeddings-v3	f1944de8402dcd5f2b03f822a4bc22a7f2de2eb9	2.148	/mnt/models/d3/specialist/embeddings/raw/jinaai/jina-embeddings-v3/f1944de8402dcd5f2b03f822a4bc22a7f2de2eb9
d3	specialist/embeddings/raw	jinaai/jina-embeddings-v3	latest	2.148	/mnt/models/d3/specialist/embeddings/raw/jinaai/jina-embeddings-v3/latest
d3	raw	meta-llama/Llama-3.1-70B-Instruct	1605565b47bb9346c5515c34102e054115b4f98b	262.863	/mnt/models/d3/raw/meta-llama/Llama-3.1-70B-Instruct/1605565b47bb9346c5515c34102e054115b4f98b
d3	raw	meta-llama/Llama-3.1-70B-Instruct	latest	262.863	/mnt/models/d3/raw/meta-llama/Llama-3.1-70B-Instruct/latest
d3	raw	meta-llama/Llama-3.2-11B-Vision-Instruct	9eb2daaa8597bf192a8b0e73f848f3a102794df5	39.684	/mnt/models/d3/raw/meta-llama/Llama-3.2-11B-Vision-Instruct/9eb2daaa8597bf192a8b0e73f848f3a102794df5
d3	raw	meta-llama/Llama-3.2-11B-Vision-Instruct	latest	39.684	/mnt/models/d3/raw/meta-llama/Llama-3.2-11B-Vision-Instruct/latest
d3	raw	meta-llama/Llama-3.2-1B	4e20de362430cd3b72f300e6b0f18e50e7166e08	4.614	/mnt/models/d3/raw/meta-llama/Llama-3.2-1B/4e20de362430cd3b72f300e6b0f18e50e7166e08
d3	raw	meta-llama/Llama-3.2-1B	latest	4.614	/mnt/models/d3/raw/meta-llama/Llama-3.2-1B/latest
d3	raw	meta-llama/Llama-3.2-1B-Instruct	9213176726f574b556790deb65791e0c5aa438b6	4.614	/mnt/models/d3/raw/meta-llama/Llama-3.2-1B-Instruct/9213176726f574b556790deb65791e0c5aa438b6
d3	raw	meta-llama/Llama-3.2-1B-Instruct	latest	4.614	/mnt/models/d3/raw/meta-llama/Llama-3.2-1B-Instruct/latest
d3	raw	meta-llama/Llama-3.2-3B-Instruct	0cb88a4f764b7a12671c53f0838cd831a0843b95	11.979	/mnt/models/d3/raw/meta-llama/Llama-3.2-3B-Instruct/0cb88a4f764b7a12671c53f0838cd831a0843b95
d3	raw	meta-llama/Llama-3.2-3B-Instruct	latest	11.979	/mnt/models/d3/raw/meta-llama/Llama-3.2-3B-Instruct/latest
d3	raw	meta-llama/Llama-3.2-90B-Vision-Instruct	e305d2a43a4adc6987308fe7d896fb8ec5f1a5d8	66.911	/mnt/models/d3/raw/meta-llama/Llama-3.2-90B-Vision-Instruct/e305d2a43a4adc6987308fe7d896fb8ec5f1a5d8
d3	raw	meta-llama/Llama-Guard-4-12B	87acb4b94e930c3d679e6e7ee9d57e2feab9ea71	22.380	/mnt/models/d3/raw/meta-llama/Llama-Guard-4-12B/87acb4b94e930c3d679e6e7ee9d57e2feab9ea71
d3	raw	meta-llama/Llama-Guard-4-12B	latest	22.380	/mnt/models/d3/raw/meta-llama/Llama-Guard-4-12B/latest
d3	raw	meta-llama/Llama-Prompt-Guard-2-22M	11614a155199674a0a95e6602d6ab0417b790ed0	0.272	/mnt/models/d3/raw/meta-llama/Llama-Prompt-Guard-2-22M/11614a155199674a0a95e6602d6ab0417b790ed0
d3	specialist/science/raw	meta-llama/Llama-Prompt-Guard-2-22M	11614a155199674a0a95e6602d6ab0417b790ed0	0.008	/mnt/models/d3/specialist/science/raw/meta-llama/Llama-Prompt-Guard-2-22M/11614a155199674a0a95e6602d6ab0417b790ed0
d3	raw	meta-llama/Llama-Prompt-Guard-2-22M	latest	0.272	/mnt/models/d3/raw/meta-llama/Llama-Prompt-Guard-2-22M/latest
d3	raw	meta-llama/Llama-Prompt-Guard-2-86M	a8ded8e697ce7c355e395a0df51f94adb4a2fd27	1.054	/mnt/models/d3/raw/meta-llama/Llama-Prompt-Guard-2-86M/a8ded8e697ce7c355e395a0df51f94adb4a2fd27
d3	raw	meta-llama/Llama-Prompt-Guard-2-86M	latest	1.054	/mnt/models/d3/raw/meta-llama/Llama-Prompt-Guard-2-86M/latest
d3	specialist/medicine/raw	microsoft/BiomedNLP-PubMedBERT-base-uncased-abstract-fulltext	e1354b7a3a09615f6aba48dfad4b7a613eef7062	0.818	/mnt/models/d3/specialist/medicine/raw/microsoft/BiomedNLP-PubMedBERT-base-uncased-abstract-fulltext/e1354b7a3a09615f6aba48dfad4b7a613eef7062
d3	specialist/medicine/raw	microsoft/BiomedNLP-PubMedBERT-base-uncased-abstract-fulltext	latest	0.818	/mnt/models/d3/specialist/medicine/raw/microsoft/BiomedNLP-PubMedBERT-base-uncased-abstract-fulltext/latest
d3	raw	microsoft/MiniLM-L12-H384-uncased	44acabbec0ef496f6dbc93adadea57f376b7c0ec	0.125	/mnt/models/d3/raw/microsoft/MiniLM-L12-H384-uncased/44acabbec0ef496f6dbc93adadea57f376b7c0ec
d3	raw	microsoft/MiniLM-L12-H384-uncased	latest	0.125	/mnt/models/d3/raw/microsoft/MiniLM-L12-H384-uncased/latest
d3	raw	microsoft/Phi-3-mini-128k-instruct	f3c06aed622e14ca0abf5115094e4fc9a9948f36	0.002	/mnt/models/d3/raw/microsoft/Phi-3-mini-128k-instruct/f3c06aed622e14ca0abf5115094e4fc9a9948f36
d3	raw	microsoft/Phi-3.5-vision-instruct	12b77fb40b63a2c73c68243d3f767aab688a1b2a	7.726	/mnt/models/d3/raw/microsoft/Phi-3.5-vision-instruct/12b77fb40b63a2c73c68243d3f767aab688a1b2a
d3	raw	microsoft/Phi-3.5-vision-instruct	latest	7.726	/mnt/models/d3/raw/microsoft/Phi-3.5-vision-instruct/latest
d3	raw	microsoft/Phi-4-mini-instruct	cfbefacb99257ffa30c83adab238a50856ac3083	7.166	/mnt/models/d3/raw/microsoft/Phi-4-mini-instruct/cfbefacb99257ffa30c83adab238a50856ac3083
d3	raw	microsoft/Phi-4-mini-instruct	latest	7.166	/mnt/models/d3/raw/microsoft/Phi-4-mini-instruct/latest
d3	quantized	mistralai/Devstral-Small-2507_gguf	ee2f0c00c5c86862f471fbf533268cf01b80d4a6	23.334	/mnt/models/d3/quantized/mistralai/Devstral-Small-2507_gguf/ee2f0c00c5c86862f471fbf533268cf01b80d4a6
d3	quantized	mistralai/Devstral-Small-2507_gguf	latest	23.334	/mnt/models/d3/quantized/mistralai/Devstral-Small-2507_gguf/latest
d3	specialist/math/raw	mistralai/Mathstral-7B-v0.1	ec3a48484ef241dfe03282edcb0f25e564923823	40.505	/mnt/models/d3/specialist/math/raw/mistralai/Mathstral-7B-v0.1/ec3a48484ef241dfe03282edcb0f25e564923823
d3	specialist/math/raw	mistralai/Mathstral-7B-v0.1	latest	40.505	/mnt/models/d3/specialist/math/raw/mistralai/Mathstral-7B-v0.1/latest
d3	uncensored	mlabonne/NeuralDaredevil-8B-abliterated-GGUF	1b757b9c39eb38b8d12a7c0f71c6e48b5cc23053	7.954	/mnt/models/d3/uncensored/mlabonne/NeuralDaredevil-8B-abliterated-GGUF/1b757b9c39eb38b8d12a7c0f71c6e48b5cc23053
d3	uncensored	mlabonne/NeuralDaredevil-8B-abliterated-GGUF	latest	7.954	/mnt/models/d3/uncensored/mlabonne/NeuralDaredevil-8B-abliterated-GGUF/latest
d3	raw	nreimers/MiniLM-L6-H384-uncased	3276f0fac9d818781d7a1327b3ff818fc4e643c0	0.085	/mnt/models/d3/raw/nreimers/MiniLM-L6-H384-uncased/3276f0fac9d818781d7a1327b3ff818fc4e643c0
d3	raw	nreimers/MiniLM-L6-H384-uncased	latest	0.085	/mnt/models/d3/raw/nreimers/MiniLM-L6-H384-uncased/latest
d3	specialist/science/raw	nvidia/NVIDIA-Nemotron-3-Nano-30B-A3B-BF16	cbd3fa9f933d55ef16a84236559f4ee2a0526848	58.836	/mnt/models/d3/specialist/science/raw/nvidia/NVIDIA-Nemotron-3-Nano-30B-A3B-BF16/cbd3fa9f933d55ef16a84236559f4ee2a0526848
d3	specialist/science/raw	nvidia/NVIDIA-Nemotron-3-Nano-30B-A3B-BF16	latest	58.836	/mnt/models/d3/specialist/science/raw/nvidia/NVIDIA-Nemotron-3-Nano-30B-A3B-BF16/latest
d3	specialist/science/raw	nvidia/NVIDIA-Nemotron-3-Nano-30B-A3B-Base-BF16	97ab8012882a655dc38df4fee47422aca9caca07	58.836	/mnt/models/d3/specialist/science/raw/nvidia/NVIDIA-Nemotron-3-Nano-30B-A3B-Base-BF16/97ab8012882a655dc38df4fee47422aca9caca07
d3	specialist/science/raw	nvidia/NVIDIA-Nemotron-3-Nano-30B-A3B-Base-BF16	latest	58.836	/mnt/models/d3/specialist/science/raw/nvidia/NVIDIA-Nemotron-3-Nano-30B-A3B-Base-BF16/latest
d3	specialist/science/quantized	nvidia/NVIDIA-Nemotron-3-Nano-30B-A3B-FP8	f8dc1c0afee92f44417695b4f5ddca9afc95ea58	30.457	/mnt/models/d3/specialist/science/quantized/nvidia/NVIDIA-Nemotron-3-Nano-30B-A3B-FP8/f8dc1c0afee92f44417695b4f5ddca9afc95ea58
d3	specialist/science/quantized	nvidia/NVIDIA-Nemotron-3-Nano-30B-A3B-FP8	latest	30.457	/mnt/models/d3/specialist/science/quantized/nvidia/NVIDIA-Nemotron-3-Nano-30B-A3B-FP8/latest
d3	quantized	nvidia/NVIDIA-Nemotron-3-Nano-30B-A3B-NVFP4	ce1b118ae66ec705d02c241525192832eb045fd3	18.033	/mnt/models/d3/quantized/nvidia/NVIDIA-Nemotron-3-Nano-30B-A3B-NVFP4/ce1b118ae66ec705d02c241525192832eb045fd3
d3	quantized	nvidia/NVIDIA-Nemotron-3-Nano-30B-A3B-NVFP4	latest	18.033	/mnt/models/d3/quantized/nvidia/NVIDIA-Nemotron-3-Nano-30B-A3B-NVFP4/latest
d3	uncensored	nvidia/NVIDIA-Nemotron-3-Super-120B-A12B-FP8	03c8909abace9e03b0d29fe4fb574e1cdee620cb	3.165	/mnt/models/d3/uncensored/nvidia/NVIDIA-Nemotron-3-Super-120B-A12B-FP8/03c8909abace9e03b0d29fe4fb574e1cdee620cb
d3	uncensored	nvidia/NVIDIA-Nemotron-3-Super-120B-A12B-NVFP4	b1ffe4992d7db6d768453a551a656b8d12c638fb	74.846	/mnt/models/d3/uncensored/nvidia/NVIDIA-Nemotron-3-Super-120B-A12B-NVFP4/b1ffe4992d7db6d768453a551a656b8d12c638fb
d3	uncensored	nvidia/NVIDIA-Nemotron-3-Super-120B-A12B-NVFP4	latest	74.846	/mnt/models/d3/uncensored/nvidia/NVIDIA-Nemotron-3-Super-120B-A12B-NVFP4/latest
d3	uncensored	rombodawg/Rombos-LLM-V2.5-Qwen-72b	bb553dd1f9de5eb12329a33347329d9b2c2f5d58	0.009	/mnt/models/d3/uncensored/rombodawg/Rombos-LLM-V2.5-Qwen-72b/bb553dd1f9de5eb12329a33347329d9b2c2f5d58
d3	specialist/chemistry/raw	seyonec/ChemBERTa-zinc-base-v1	761d6a18cf99db371e0b43baf3e2d21b3e865a20	0.167	/mnt/models/d3/specialist/chemistry/raw/seyonec/ChemBERTa-zinc-base-v1/761d6a18cf99db371e0b43baf3e2d21b3e865a20
d3	specialist/chemistry/raw	seyonec/ChemBERTa-zinc-base-v1	latest	0.167	/mnt/models/d3/specialist/chemistry/raw/seyonec/ChemBERTa-zinc-base-v1/latest
d3	specialist/medicine/raw	stanford-crfm/BioMedLM	3e1a0abb814b8398bc34b4b6680ecf2c26d6a66f	9.973	/mnt/models/d3/specialist/medicine/raw/stanford-crfm/BioMedLM/3e1a0abb814b8398bc34b4b6680ecf2c26d6a66f
d3	specialist/medicine/raw	stanford-crfm/BioMedLM	latest	9.973	/mnt/models/d3/specialist/medicine/raw/stanford-crfm/BioMedLM/latest
d3	uncensored	tensorblock/DeepSeek-R1-Distill-Llama-70B-abliterated-GGUF	89b48f9faec5188e7a05011676538aaf0889ad9a	31.914	/mnt/models/d3/uncensored/tensorblock/DeepSeek-R1-Distill-Llama-70B-abliterated-GGUF/89b48f9faec5188e7a05011676538aaf0889ad9a
d3	uncensored	tensorblock/DeepSeek-R1-Distill-Llama-70B-abliterated-GGUF	latest	31.914	/mnt/models/d3/uncensored/tensorblock/DeepSeek-R1-Distill-Llama-70B-abliterated-GGUF/latest
d3	uncensored	tensorblock/DeepSeek-R1-Distill-Qwen-32B-abliterated-GGUF	de00cb261ea6fea79a45ffbb6e583befed7be954	14.841	/mnt/models/d3/uncensored/tensorblock/DeepSeek-R1-Distill-Qwen-32B-abliterated-GGUF/de00cb261ea6fea79a45ffbb6e583befed7be954
d3	uncensored	tensorblock/DeepSeek-R1-Distill-Qwen-32B-abliterated-GGUF	latest	14.841	/mnt/models/d3/uncensored/tensorblock/DeepSeek-R1-Distill-Qwen-32B-abliterated-GGUF/latest
d3	specialist/science/quantized	tensorblock/Llama-3.2-3B-Instruct-GGUF	a95b197289958265f8eb95fc455b5766aed89b02	1.571	/mnt/models/d3/specialist/science/quantized/tensorblock/Llama-3.2-3B-Instruct-GGUF/a95b197289958265f8eb95fc455b5766aed89b02
d3	specialist/science/quantized	tensorblock/Llama-3.2-3B-Instruct-GGUF	latest	1.571	/mnt/models/d3/specialist/science/quantized/tensorblock/Llama-3.2-3B-Instruct-GGUF/latest
d3	uncensored	tensorblock/Llama-3.3-70B-Instruct-abliterated-GGUF	92582e3714cbade9d0211778c8b9bd08c9fca8f6	31.914	/mnt/models/d3/uncensored/tensorblock/Llama-3.3-70B-Instruct-abliterated-GGUF/92582e3714cbade9d0211778c8b9bd08c9fca8f6
d3	uncensored	tensorblock/Llama-3.3-70B-Instruct-abliterated-GGUF	latest	31.914	/mnt/models/d3/uncensored/tensorblock/Llama-3.3-70B-Instruct-abliterated-GGUF/latest
d3	uncensored	tensorblock/Mistral-Small-24B-Instruct-2501-abliterated-GGUF	dd90f4a1a90029c907f18b8111fd64df05a8c6f3	10.686	/mnt/models/d3/uncensored/tensorblock/Mistral-Small-24B-Instruct-2501-abliterated-GGUF/dd90f4a1a90029c907f18b8111fd64df05a8c6f3
d3	uncensored	tensorblock/Mistral-Small-24B-Instruct-2501-abliterated-GGUF	latest	10.686	/mnt/models/d3/uncensored/tensorblock/Mistral-Small-24B-Instruct-2501-abliterated-GGUF/latest
d3	raw	tiiuae/falcon-40b-instruct	ecb78d97ac356d098e79f0db222c9ce7c5d9ee5f	77.928	/mnt/models/d3/raw/tiiuae/falcon-40b-instruct/ecb78d97ac356d098e79f0db222c9ce7c5d9ee5f
d3	raw	tiiuae/falcon-40b-instruct	latest	77.928	/mnt/models/d3/raw/tiiuae/falcon-40b-instruct/latest
d3	specialist/reasoning/quantized	unsloth/DeepSeek-R1-GGUF	4dab99fdb3fea560e5a402b49c6ef11e025321a8	137.181	/mnt/models/d3/specialist/reasoning/quantized/unsloth/DeepSeek-R1-GGUF/4dab99fdb3fea560e5a402b49c6ef11e025321a8
d3	quantized	unsloth/Phi-4-mini-instruct-GGUF	78eb92a46fc37e6b524df991ed9aca9bc6aa7b80	3.804	/mnt/models/d3/quantized/unsloth/Phi-4-mini-instruct-GGUF/78eb92a46fc37e6b524df991ed9aca9bc6aa7b80
d3	quantized	unsloth/Phi-4-mini-instruct-GGUF	latest	3.804	/mnt/models/d3/quantized/unsloth/Phi-4-mini-instruct-GGUF/latest
d3	quantized	unsloth/Qwen3-4B-Instruct-2507-GGUF	a06e946bb6b655725eafa393f4a9745d460374c9	3.986	/mnt/models/d3/quantized/unsloth/Qwen3-4B-Instruct-2507-GGUF/a06e946bb6b655725eafa393f4a9745d460374c9
d3	quantized	unsloth/Qwen3-4B-Instruct-2507-GGUF	latest	3.986	/mnt/models/d3/quantized/unsloth/Qwen3-4B-Instruct-2507-GGUF/latest
d3	quantized	unsloth/phi-4-unsloth-bnb-4bit	26dd1bdcaaab6bf52793b1a09b259ceed592d092	9.687	/mnt/models/d3/quantized/unsloth/phi-4-unsloth-bnb-4bit/26dd1bdcaaab6bf52793b1a09b259ceed592d092
d3	specialist/science/quantized	unsloth/phi-4-unsloth-bnb-4bit	26dd1bdcaaab6bf52793b1a09b259ceed592d092	0.009	/mnt/models/d3/specialist/science/quantized/unsloth/phi-4-unsloth-bnb-4bit/26dd1bdcaaab6bf52793b1a09b259ceed592d092
d3	quantized	unsloth/phi-4-unsloth-bnb-4bit	latest	9.687	/mnt/models/d3/quantized/unsloth/phi-4-unsloth-bnb-4bit/latest
d5	raw	Qwen/Qwen2.5-Math-72B-Instruct	8fcf92b1eac8eca48c3d49778ad3dd1b394c9a17	135.437	/mnt/models/d5/raw/Qwen/Qwen2.5-Math-72B-Instruct/8fcf92b1eac8eca48c3d49778ad3dd1b394c9a17
d5	raw	Qwen/Qwen2.5-Math-72B-Instruct	latest	135.437	/mnt/models/d5/raw/Qwen/Qwen2.5-Math-72B-Instruct/latest
d5	raw	Qwen/Qwen2.5-VL-72B-Instruct	89c86200743eec961a297729e7990e8f2ddbc4c5	0.011	/mnt/models/d5/raw/Qwen/Qwen2.5-VL-72B-Instruct/89c86200743eec961a297729e7990e8f2ddbc4c5
d5	raw	Qwen/Qwen3.5-35B-A3B	ec2d4ece1ffb563322cbee9a48fe0e3fcbce0307	0.010	/mnt/models/d5/raw/Qwen/Qwen3.5-35B-A3B/ec2d4ece1ffb563322cbee9a48fe0e3fcbce0307
d5	raw	Qwen/Qwen3.5-35B-A3B-Base	e2ee613a3820d4482636d51b6d2eec45eb6d025b	0.010	/mnt/models/d5/raw/Qwen/Qwen3.5-35B-A3B-Base/e2ee613a3820d4482636d51b6d2eec45eb6d025b
d5	raw	google/gemma-2-2b-it	299a8560bedf22ed1c72a8a11e7dce4a7f9f51f8	4.890	/mnt/models/d5/raw/google/gemma-2-2b-it/299a8560bedf22ed1c72a8a11e7dce4a7f9f51f8
d5	raw	google/gemma-2-2b-it	latest	4.890	/mnt/models/d5/raw/google/gemma-2-2b-it/latest
d5	raw	microsoft/Phi-3.5-mini-instruct	2fe192450127e6a83f7441aef6e3ca586c338b77	7.120	/mnt/models/d5/raw/microsoft/Phi-3.5-mini-instruct/2fe192450127e6a83f7441aef6e3ca586c338b77
d5	raw	microsoft/Phi-3.5-mini-instruct	latest	7.120	/mnt/models/d5/raw/microsoft/Phi-3.5-mini-instruct/latest
d5	specialist/science/uncensored	nvidia/Llama-3_1-Nemotron-Ultra-253B-v1	5b47def5b8957142d82faeb44bfad9349d02840d	149.315	/mnt/models/d5/specialist/science/uncensored/nvidia/Llama-3_1-Nemotron-Ultra-253B-v1/5b47def5b8957142d82faeb44bfad9349d02840d
d5	specialist/science/raw	xai-org/grok-2	daf4395a80ad177386cfe39641b64fc12b1d70ed	4.000	/mnt/models/d5/specialist/science/raw/xai-org/grok-2/daf4395a80ad177386cfe39641b64fc12b1d70ed
